Accession,ID,Seq_length,Evalue,Bitscore,Tot_aln_span,Identity,Protein_ID,Taxid,Organism_name,Description,Prot_sequence
XP_036716824,ref|XP_036716824.1|,110,2.18314e-51,167.933,110,100.0,XP_036716824.1,9771,Balaenoptera musculus,insulin [Balaenoptera musculus],MALWMRLVPLLALLALWAPTPARAFVNQHLCGSHLVEALYLVCGERGFFYTPKARREVEGPQVGAVELGGGPGAGGLQPRALEGPPQKRGIVEQCCTSICSLYQLENYCN
NP_001008996,ref|NP_001008996.1|,110,9.81403e-73,221.861,110,100.0,NP_001008996.1,9598,Pan troglodytes,insulin preproprotein [Pan troglodytes],MALWMRLLPLLVLLALWGPDPASAFVNQHLCGSHLVEALYLVCGERGFFYTPKTRREAEDLQVGQVELGGGPGAGSLQPLALEGSLQKRGIVEQCCTSICSLYQLENYCN
XP_032124369,ref|XP_032124369.1|,108,5.43251e-53,171.785,110,100.0,XP_032124369.1,9515,Sapajus apella,insulin [Sapajus apella],MALWMHLLPLLGLLALWGPEPAPAFVNQHLCGPHLVEALYLVCGERGFFYAPKTRREAEDLQVGQVELGGGSITGSLPPLEGPLQKRGVVDQCCTSICSLYQLQNYCN
NP_001353985,ref|NP_001353985.1|,110,1.69317e-53,173.326,110,100.0,NP_001353985.1,9986,Oryctolagus cuniculus,insulin precursor [Oryctolagus cuniculus],MAPWPRLLPLLALLVLCRPDPAQAFVNQHLCGSHLVEALYLVCGERGFFYTPKSRREVEELQVGQAELGGGPDAGGLQPSALELALQKRGIVEQCCTSICSLYQLENYCN
1006230A,prf||1006230A,86,2.74726e-54,174.481,86,100.0,1006230A,9544,Macaca mulatta,"insulin,pro-",FVNQHLCGSHLVEALYLVCGERGFFYTPKTRREAEDPQVGQVELGGGPGAGSLQPLALEGSLQKRGIVEQCCTSICSLYQLENYCN
ABB89748,gb|ABB89748.1|,110,5.06564e-54,174.481,110,100.0,ABB89748.1,105299,Apodemus semotus,preproinsulin 2 [Apodemus semotus],MALWMRFLPLLVLLFLWEPNPAQAFVKQHLCGSHLVEALYLVCGERGFFYTPMSRREVEDPQVAQLELGGGPGAGDLQTLALEVARQKRGIVDQCCTSICSLYQLENYCN
XP_012968060,ref|XP_012968060.1|,110,3.12961e-53,172.555,110,100.0,XP_012968060.1,10036,Mesocricetus auratus,insulin [Mesocricetus auratus],MTLWMRLLPLLALLVLWEPNPAQAFVNQHLCGSHLVEALYLVCGERGFFYTPKSRRGVEDPQVAQLELGGGPGADDLQTLALEVAQQKRGIVDQCCTSICSLYQLENYCN
ACC68945,gb|ACC68945.1|,110,1.59037e-49,163.31,110,100.0,ACC68945.1,59479,Rhinolophus ferrumequinum,proinsulin precursor (predicted) [Rhinolophus ferrumequinum],MALWMRLLPLLALLALWTPAPAQAFVNQHLCGSHLVEALYLVCGERGFFYTPKARREVEDPQAGQVELGGGPGTGGLQSLALEGPPQKRGIVDQCCTSICSLYQLENYCN
P67972,sp|P67972.1|,108,8.33307e-53,171.4,110,100.0,P67972.1,9505,Aotus trivirgatus,RecName: Full=Insulin; Contains: RecName: Full=Insulin B chain; Contains: RecName: Full=Insulin A chain; Flags: Precursor,MALWMHLLPLLALLALWGPEPAPAFVNQHLCGPHLVEALYLVCGERGFFYAPKTRREAEDLQVGQVELGGGSITGSLPPLEGPMQKRGVVDQCCTSICSLYQLQNYCN
AAP36446,gb|AAP36446.1|,111,1.10354e-73,224.172,110,99.099,AAP36446.1,32630,synthetic construct,"Homo sapiens insulin, partial [synthetic construct]",MALWMRLLPLLALLALWGPDPAAAFVNQHLCGSHLVEALYLVCGERGFFYTPKTRREAEDLQVGQVELGGGPGAGSLQPLALEGSLQKRGIVEQCCTSICSLYQLENYCNL
P01313,sp|P01313.2|,110,3.12961e-53,172.555,110,100.0,P01313.2,10030,Cricetulus longicaudatus,RecName: Full=Insulin; Contains: RecName: Full=Insulin B chain; Contains: RecName: Full=Insulin A chain; Flags: Precursor,MTLWMRLLPLLTLLVLWEPNPAQAFVNQHLCGSHLVEALYLVCGERGFFYTPKSRRGVEDPQVAQLELGGGPGADDLQTLALEVAQQKRGIVDQCCTSICSLYQLENYCN
XP_028642854,ref|XP_028642854.1|,110,1.19423e-51,168.318,110,100.0,XP_028642854.1,491861,Grammomys surdaster,insulin-2 [Grammomys surdaster],MALWMRFLPLLVLLFLWEPLPAKAFVKQHLCGSHLVEALYLVCGERGFFYTPMSRREVVDPQVAQLELGGGPGTGDLQTLALEVAQQKRGIVDQCCTSICSLYQLENYCN
Q62587,sp|Q62587.1|,110,1.71631e-50,165.622,110,100.0,Q62587.1,48139,Psammomys obesus,RecName: Full=Insulin; Contains: RecName: Full=Insulin B chain; Contains: RecName: Full=Insulin A chain; Flags: Precursor,MALWMRLLPLLAFLILWEPSPAHAFVNQHLCGSHLVEALYLVCGERGFFYTPKFRRGVDDPQMPQLELGGSPGAGDLRALALEVARQKRGIVEQCCTGICSLYQLENYCN
XP_011896559,ref|XP_011896559.1|,110,8.65228e-71,216.853,110,100.0,XP_011896559.1,9531,Cercocebus atys,PREDICTED: insulin [Cercocebus atys],MALWMRLLPLLALLALWGPDPVPAFVNQHLCGSHLVEALYLVCGERGFFYTPKTRREAEDPQVGQVELGGGPGAGSLQPLSLEGSLQKRGIVEQCCTSICSLYQLENYCN
XP_003508128,ref|XP_003508128.1|,110,2.40247e-54,175.252,110,100.0,XP_003508128.1,10029,Cricetulus griseus,insulin [Cricetulus griseus],MALWMRLLPLLALLALWEPNPAQAFVNQHLCGSHLVEALYLVCGERGFFYTPKSRRGVEDPQVTQLELGGGPGAGDLQTLALEVAQQKRGIVDQCCTSICSLYQLENYCN
XP_025211013,ref|XP_025211013.1|,110,4.34487e-70,214.927,110,100.0,XP_025211013.1,9565,Theropithecus gelada,insulin isoform X4 [Theropithecus gelada],MALWMRLLPLLALLALWGPDSVPAFVNQHLCGSHLVEALYLVCGERGFFYTPKTRREAEDPQVGQVELGGGPGAGSLQPLALEGSLQKRGIVEQCCTSICSLYQLENYCN
ABB89743,gb|ABB89743.1|,110,4.36733e-58,184.882,110,100.0,ABB89743.1,69075,Rattus losea,preproinsulin 1 [Rattus losea],MALWMRFLPLLALLVVWEPKPAQAFVKQHLCGPHLVEALYLVCGERGFFYTPKSRREVEDPQVPQLELGGSPEAGDLQTLALEVARQKRGIVDQCCTSICSLYQLENYCN
XP_018891846,ref|XP_018891846.1|,98,1.58922e-61,192.971,110,100.0,XP_018891846.1,9595,Gorilla gorilla gorilla,insulin isoform X2 [Gorilla gorilla gorilla],MALWMRLLPLLALLALWGPDPAAAFVNQHLCGSHLVEALYLVCGERGFFYTPKTRREAEDLQGSLQPLALEGSLQKRGIVEQCCTSICSLYQLENYCN
XP_011719621,ref|XP_011719621.1|,98,4.07173e-52,169.088,110,100.0,XP_011719621.1,9545,Macaca nemestrina,insulin isoform X2 [Macaca nemestrina],MALWMRLLPLLALLALWGPDPAPAFVNQHLCGSHLVEALYLVCGERGFFYTPKTRREAEDPQGSLQPLALEGSLQKRGIVEQCCTSICSLYQLENYCN
XP_040322184,ref|XP_040322184.1|,110,4.07944e-51,167.162,110,100.0,XP_040322184.1,1608482,Puma yagouaroundi,insulin [Puma yagouaroundi],MALWTRLLPLLVLLSLWTPAPTRAFVNQHLCGSHLVEALYLVCGERGFFYTPKARREAEDLQGKDAELGEAPGAGGLQPSALEAPLQKRGIVEQCCASVCSLYQLEHYCN
XP_038173309,ref|XP_038173309.1|,110,1.6186e-54,175.637,110,100.0,XP_038173309.1,1047088,Arvicola amphibius,insulin [Arvicola amphibius],MALWMRLLPLMALLVLWEPNPAQAFVNQHLCGSHLVEALYLVCGERGFFYTPKSRRGVEDPQVAQLELGGGPGAGDLQTLALEVAQQKRGIVDQCCTSICSLYQLENYCN
XP_039081000,ref|XP_039081000.1|,110,4.2159e-51,167.162,110,100.0,XP_039081000.1,95912,Hyaena hyaena,insulin [Hyaena hyaena],MALWTRLLPLLALLALWTPAPTHAFVNQHLCGSHLVEALYLVCGERGFFYTPKARREAEDPQARDVELGGAPSAGGLQPPAPGGPLRKRGIVEQCCTSICSLYQLENYCN
XP_006911039,ref|XP_006911039.1|,110,2.59975e-52,170.244,110,100.0,XP_006911039.1,9402,Pteropus alecto,insulin [Pteropus alecto],MALWTRLLPLLALLGLWAPTPAPAFVSQHLCGSHLVEALYLVCGERGFFYTPKARRELEGPQGGEVELGGGPGAGSRQALALEGPPQKRGIVDQCCTSICSLYQLENYCN
XP_007466015,ref|XP_007466015.1|,110,4.28584e-56,179.874,110,100.0,XP_007466015.1,118797,Lipotes vexillifer,PREDICTED: insulin [Lipotes vexillifer],MALWMRLVPLLALLALWAPTPARAFVSQHLCGSHLVEALYLVCGERGFFYAAKARREVEGPQVGAVELGGGPGAGSLQPPALEGPPQKRGIVEQCCTSICSLYQLENYCN
XP_006977353,ref|XP_006977353.1|,110,2.77074e-54,175.252,110,100.0,XP_006977353.1,230844,Peromyscus maniculatus bairdii,insulin [Peromyscus maniculatus bairdii],MALWMRLLPLLALLVLWEPKPAQAFVNQHLCGSHLVEALYLVCGERGFFYTPKSRRGVEDPQVAQLELGGGPGAGDLQTLALEVAQQKRGIVDQCCTSICSLYQLENYCN
NP_001123565,ref|NP_001123565.1|,110,2.8382e-52,170.244,110,100.0,NP_001123565.1,9615,Canis lupus familiaris,insulin precursor [Canis lupus familiaris],MALWMRLLPLLALLALWAPAPTRAFVNQHLCGSHLVEALYLVCGERGFFYTPKARREVEDLQVRDVELAGAPGEGGLQPLALEGALQKRGIVEQCCTSICSLYQLENYCN
XP_043437955,ref|XP_043437955.1|,110,4.07944e-51,167.162,110,100.0,XP_043437955.1,37029,Prionailurus bengalensis,insulin [Prionailurus bengalensis],MALWTRLLPLLALLCLWTPAPTRAFVNQHLCGSHLVEALYLVCGERGFFYTPKARREAEDLQGKDAELGEAPGAGGLQPSALEAPLQKRGIVEQCCASVCSLYQLEHYCN
XP_006141129,ref|XP_006141129.1|,110,1.52042e-59,188.348,110,100.0,XP_006141129.1,246437,Tupaia chinensis,insulin [Tupaia chinensis],MALWTRFLPLLALLALWGPEPAPAFVNQHLCGSHLVEALYLVCGERGFFYTPKTRREVEDSQVGQVELGGGPGAGSLQPLALEVPPQKRGIVEQCCTSICSLYQLENYCN
XP_019522928,ref|XP_019522928.1|,110,8.41362e-51,166.392,110,100.0,XP_019522928.1,186990,Hipposideros armiger,PREDICTED: insulin [Hipposideros armiger],MALWMRLVPLLALLALWTPAPARAFVNQHLCGSHLVEALYLVCGERGFFYTPKARRELEDPQAGQAELGGGPGTGGLQSLALEGPPQKRGIVDQCCTSICSLYQLENYCN
NP_001009272,ref|NP_001009272.1|,110,9.60289e-50,163.696,110,100.0,NP_001009272.1,9685,Felis catus,insulin precursor [Felis catus],MAPWTRLLPLLALLSLWIPAPTRAFVNQHLCGSHLVEALYLVCGERGFFYTPKARREAEDLQGKDAELGEAPGAGGLQPSALEAPLQKRGIVEQCCASVCSLYQLEHYCN
XP_035119627,ref|XP_035119627.1|,108,1.49191e-51,168.318,110,100.0,XP_035119627.1,9483,Callithrix jacchus,insulin [Callithrix jacchus],MAPWMPLLPLLALLALWGPEPAPAFVNQHLCGPHLVEALYLVCGERGFFYAPKTRREAEDLQVGQVELGGGSITGSLPALEGPLQKRGVVDQCCTSICSLYQLQNYCN
XP_017743290,ref|XP_017743290.1|,147,1.09549e-70,218.009,110,74.83,XP_017743290.1,61621,Rhinopithecus bieti,PREDICTED: insulin isoform X2 [Rhinopithecus bieti],MAGLLKRLGVNPGTPGQGTWPSASLRPACLPGHCPSAMALWMRLLPLLALLALWGPDPVPAFVNQHLCGSHLVEALYLVCGERGFFYTPKTRREAEDPQVGQVELGGGPGAGSLQPLALEGSLQKRGIVEQCCTSICSLYQLENYCN
XP_021060484,ref|XP_021060484.1|,110,1.0692e-52,171.014,110,100.0,XP_021060484.1,10093,Mus pahari,insulin-2 [Mus pahari],MALWMRFLPLLALLFLWESHPAQAFVKQHLCGSHLVEALYLVCGERGFFYTPMSRREVEDPQVAQLELGGGPGAGDLQTLALEVARQKRGIVDQCCTSICSLYQLENYCN
XP_031240877,ref|XP_031240877.1|,110,5.46996e-54,174.481,110,100.0,XP_031240877.1,35658,Mastomys coucha,insulin-1 [Mastomys coucha],MALWMRFLPLLALLILWEPNPAQAFVKQHLCGPHLVEALYLVCGERGFFYTPKSRREVEDPQVEQLELGGGPGAGDLQTLALEVARQKRGIVDQCCTSICSLYQLENYCN
XP_003281399,ref|XP_003281399.1|,110,9.95125e-72,219.164,110,100.0,XP_003281399.1,61853,Nomascus leucogenys,insulin isoform X2 [Nomascus leucogenys],MALWMRLLPLLALLALWGPDPAPAFVNQHLCGSHLVEALYLVCGERGFFYTPKTRREAEDPQVGQVELGGGPGAGSLQPLALEGSLQKRGIVEQCCTSICSLYQLENYCN
XP_032748073,ref|XP_032748073.1|,110,1.08394e-58,186.422,110,100.0,XP_032748073.1,10117,Rattus rattus,insulin-1 [Rattus rattus],MALWMRFLPLLALLVVWEPKPAQAFVKQHLCGPHLVEALYLVCGERGFFYTPKSRREVEDPQVPQLELGGGPEAGDLQTLALEVARQKRGIVDQCCTSICSLYQLENYCN
XP_020024407,ref|XP_020024407.1|,110,9.60289e-50,163.696,110,100.0,XP_020024407.1,51338,Castor canadensis,insulin [Castor canadensis],MALWTRLLPLLGLLALWGPDPAQAFVNQHLCGSHLVEALYLVCGERGFFYTPKSRREVEDPQVGQMELGGGPGVGGPQSLALEVAPQKRGIVDQCCTSICSLYQLENYCN
ABB89749,gb|ABB89749.1|,110,6.55441e-58,184.496,110,100.0,ABB89749.1,10089,Mus caroli,preproinsulin 2 [Mus caroli],MALWMRFLPLVALLFLWESHPTQAFVKQHLCGSHLVEALYLVCGERGFFYTPMSRREVEDPQVAQLELGGGPGAGDLQTLALEVAQQKRGIVDQCCTSICSLYQLENYCN
NP_062003,ref|NP_062003.1|,110,2.96258e-53,172.555,110,100.0,NP_062003.1,10116,Rattus norvegicus,insulin-2 preproprotein [Rattus norvegicus],MALWIRFLPLLALLILWEPRPAQAFVKQHLCGSHLVEALYLVCGERGFFYTPMSRREVEDPQVAQLELGGGPGAGDLQTLALEVARQKRGIVDQCCTSICSLYQLENYCN
XP_024110665,ref|XP_024110665.1|,110,6.5378e-73,222.246,110,100.0,XP_024110665.1,9601,Pongo abelii,insulin isoform X2 [Pongo abelii],MALWMRLLPLLALLALWGPDPAQAFVNQHLCGSHLVEALYLVCGERGFFYTPKTRREAEDLQVGQVELGGGPGAGSLQPLALEGSLQKRGIVEQCCTSICSLYQLENYCN
XP_034379025,ref|XP_034379025.1|,110,1.11716e-52,171.014,110,100.0,XP_034379025.1,61156,Arvicanthis niloticus,insulin-2 [Arvicanthis niloticus],MALWMRFLPLLALLVLWEPHPVQAFVKQHLCGPHLVEALYLVCGERGFFYTPKSRREVEDPQVAQLELDGGPGAGDLQTLALEVARQKRGIVDQCCTSICSLYQLENYCN
XP_008002825,ref|XP_008002825.1|,144,4.40573e-71,218.779,110,76.389,XP_008002825.1,60711,Chlorocebus sabaeus,insulin isoform X2 [Chlorocebus sabaeus],MGSETIKPVGAQQPSTLRDGCIRRGQQAGHCPSAMALWMRLLPLLALLALWGPDPVPAFVNQHLCGSHLVEALYLVCGERGFFYTPKTRREAEDPQVGQVELGGGPGAGSLQPLALEGSLQKRGIVEQCCTSICSLYQLENYCN
XP_032009711,ref|XP_032009711.1|,110,3.36593e-71,218.009,110,100.0,XP_032009711.1,81572,Hylobates moloch,insulin isoform X2 [Hylobates moloch],MTLWMRLLPLLALLALWGPDPAPAFVNQHLCGSHLVEALYLVCGERGFFYTPKTRREAEDPQVGQVELGGGPGAGSLQPLALEGSLQKRGIVEQCCTSICSLYQLENYCN
XP_021490460,ref|XP_021490460.1|,110,2.0218e-51,167.933,110,100.0,XP_021490460.1,10047,Meriones unguiculatus,insulin isoform X2 [Meriones unguiculatus],MALWMRLLPLLAFLILWEPTPAHAFVNQHLCGSHLVEALYLVCGERGFFYTPKFRRGVEDPQMPQLELGGSPGAGDLQALALEVARQKRGIVEQCCTGICSLYQLENYCN
QIH29510,gb|QIH29510.1|,110,8.14129e-51,166.392,110,100.0,QIH29510.1,27615,Kogia breviceps,preproinsulin [Kogia breviceps],MALWMRLVPLLALLALWAPSPARAFVNQHLCGSHLVEALYLVCGERGFFYTPKARREVEGPQAGDVELGGGPGAGGLQPPALEGRPQKRGIVEQCCTSICSLYQLENYCN
XP_005351628,ref|XP_005351628.2|,110,7.35563e-54,174.096,110,100.0,XP_005351628.2,79684,Microtus ochrogaster,insulin [Microtus ochrogaster],MALWMRLLPLLALLVLWEPNPAQAFVNQHLCGSHLVEALYLVCGERGFFYTPKSRRGVENPQVAQLELGGGPGAGDLQTLALEVAQQKRGIVDQCCTSICSLYQLENYCN
XP_003909425,ref|XP_003909425.2|,110,3.44065e-71,218.009,110,100.0,XP_003909425.2,9555,Papio anubis,insulin isoform X2 [Papio anubis],MALWMRLLPLLALLALWGPDPVPAFVNQHLCGSHLVEALYLVCGERGFFYTPKTRREAEDPQVGQVELGGGPGAGSLQPLALEGSLQKRGIVEQCCTSICSLYQLENYCN
XP_042815670,ref|XP_042815670.1|,110,1.02423e-51,168.703,110,100.0,XP_042815670.1,9694,Panthera tigris,insulin [Panthera tigris],MALWTRLLPLLALLSLWTPAPTRAFVNQHLCGSHLVEALYLVCGERGFFYTPKARREAEDLQGKDVELGEAPGAGGLQPSALEAPLQKRGIVEQCCASVCSLYQLEHYCN
XP_003798420,ref|XP_003798420.1|,110,7.60986e-53,171.4,110,100.0,XP_003798420.1,30611,Otolemur garnettii,insulin isoform X1 [Otolemur garnettii],MAVWMRLLPLLALLALWGPEPAPAFVNQHLCGSHLVEALYLVCGERGFFYTPKARRDTEDPQVGQVGLGGSPITGDLQSLALDVPPQKRGIVEQCCTSICSLYQLENYCN
NP_001172012,ref|NP_001172012.1|,110,4.25894e-52,169.474,110,100.0,NP_001172012.1,10090,Mus musculus,insulin-2 preproprotein [Mus musculus],MALWMRFLPLLALLFLWESHPTQAFVKQHLCGSHLVEALYLVCGERGFFYTPMSRREVEDPQVAQLELGGGPGAGDLQTLALEVAQQKRGIVDQCCTSICSLYQLENYCN
XP_008837426,ref|XP_008837426.1|,110,7.40698e-57,181.8,110,100.0,XP_008837426.1,1026970,Nannospalax galili,insulin isoform X1 [Nannospalax galili],MALWMRLLPLLALLAFWGPNPGQAFVNQHLCGSHLVEALYLVCGERGFFYTPKSRREVEDPQVGQMELPGGPGAGSPQSLALEAALQKRGIVDQCCTSICSLYQLENYCN
XP_012507423,ref|XP_012507423.1|,110,6.83093e-51,166.777,110,100.0,XP_012507423.1,379532,Propithecus coquereli,PREDICTED: insulin [Propithecus coquereli],MALWTHLLPLLALLALWGPEPAPAFVNQHLCGSHLVEALYLVCGERGFFYTPKTRRELEEPQAGQVGPDGSLGAGGLQALALEGAPQKRGIVEQCCTSICSLYQLENYCN
ABB89746,gb|ABB89746.1|,110,1.73249e-52,170.629,110,100.0,ABB89746.1,357352,Niviventer coninga,preproinsulin 1 [Niviventer coninga],MALWMRFLPLLALLVLWEPNPAQAFVKQHLCGPHLVEALYLVCGERGFFYTPKSRREVEDPQVAQLELGEGPEAGDLQTLALEVARQKRGIVDQCCTSICSLYQLENYCN
XP_010329449,ref|XP_010329449.1|,108,1.25284e-50,166.007,110,100.0,XP_010329449.1,39432,Saimiri boliviensis boliviensis,insulin [Saimiri boliviensis boliviensis],MALWMHLLPLLALLALWGPEPAPAFVNQHLCGPHLVEALYLVCGERGFFYAPKTRREAEDPQVGQAELGGGSITGSLSSLEGLLQKRGVVDQCCTSICSLYQLQNYCN
XP_011785466,ref|XP_011785466.1|,98,1.89187e-51,167.548,110,100.0,XP_011785466.1,336983,Colobus angolensis palliatus,PREDICTED: insulin isoform X3 [Colobus angolensis palliatus],MALWMRLLPLLALLALWGPDPVPAFVNQHLCGSHLVEALYLVCGERGFFYTPKTRREAEDPQGSLQPLALEGSLQKRGIVEQCCTSICSLYQLENYCN
XP_019292555,ref|XP_019292555.1|,110,4.07944e-51,167.162,110,100.0,XP_019292555.1,9691,Panthera pardus,PREDICTED: insulin [Panthera pardus],MALWTRLLPLLALLSLWTPAPTRAFVNQHLCGSHLVEALYLVCGERGFFYTPKARREAEDLQGKDAELGEAPGAGGLQPSALEAPLQKRGIVEQCCASVCSLYQLEHYCN
NP_000198,ref|NP_000198.1|,110,1.37521e-73,223.787,110,100.0,NP_000198.1,9606,Homo sapiens,insulin preproprotein [Homo sapiens],MALWMRLLPLLALLALWGPDPAAAFVNQHLCGSHLVEALYLVCGERGFFYTPKTRREAEDLQVGQVELGGGPGAGSLQPLALEGSLQKRGIVEQCCTSICSLYQLENYCN
ABB89752,gb|ABB89752.1|,110,1.6186e-54,175.637,110,100.0,ABB89752.1,100899,Microtus kikuchii,preproinsulin [Microtus kikuchii],MALWMRLLPLLALLVLWEPNPAQAFVNQHLCGSHLVEALYLVCGERGFFYTPKSRRGVEDPQVAQLELGGGPGAGDLQTLALEVAQQKRGIVDQCCTSICSLYQLENYCN
XP_041578098,ref|XP_041578098.1|,110,8.31548e-52,169.088,110,100.0,XP_041578098.1,494514,Vulpes lagopus,insulin [Vulpes lagopus],MALWMRLLPLLALLALWAPAPTRAFVNQHLCGSHLVEALYLVCGERGFFYTPKARREVEDLQVRDVDLAGAPGEGGLQPLALEGALQKRGIVEQCCTSICSLYQLENYCN
XP_023039285,ref|XP_023039285.1|,110,1.17659e-70,216.468,110,100.0,XP_023039285.1,591936,Piliocolobus tephrosceles,insulin isoform X1 [Piliocolobus tephrosceles],MALWMRLLPLLALLALWGPDPVPAFVNQHLCGSHLVEALYLVCGERGFFYTPKTRREAEDPQVGQVELGGGPGTGSLQPLALEGSLQKRGIVEQCCTSICSLYQLENYCN
XP_012311615,ref|XP_012311615.1|,108,5.43251e-53,171.785,110,100.0,XP_012311615.1,37293,Aotus nancymaae,insulin [Aotus nancymaae],MALWMHLLPLLALLALWGPEPAPAFVNQHLCGPHLVEALYLVCGERGFFYAPKTRREAEDLQVGQVELGGGSITGSLPPLEGPLQKRGVVDQCCTSICSLYQLQNYCN
